keyword,volume_annual_avg,recent3mo_avg,kd,cpc,avg_referring_domains,intent,cluster
website-laten-maken,6600,4133,65,16.04,90.6,info,website
website laten maken,6600,5633,65,17.84,90.6,comm,website
wordpress website laten maken,1600,1013,30,18.97,31.9,comm,website
website laten maken met wordpress,1600,1013,24,18.97,31.2,comm,website
website laten maken in wordpress,1600,1013,30,18.97,38.1,comm,website
wordpress-website laten maken,1600,1013,30,18.97,35.7,comm,website
website wordpress laten maken,1600,720,30,22.37,95.7,comm,website
website laten maken wordpress,1600,720,30,22.37,28.2,comm,website
bureau seo,1300,730,39,39.04,94.8,comm,seo
seo bureau,1300,730,39,39.04,67.5,comm,seo
kosten website laten maken,1000,517,4,10.66,60,comm,website
website laten maken kosten,1000,517,4,10.66,21.3,comm,website
website laten maken rotterdam,1000,457,,11.04,2.5,comm,website
professioneel website laten maken,880,500,41,24.71,79.5,tran,website
website laten maken professioneel,880,390,29,19.84,54,tran,website
professionele website laten maken,880,390,41,19.84,90.2,tran,website
goedkope website laten maken,590,377,41,15.44,130.3,comm,website
website laten maken amsterdam,590,353,7,33.69,60.4,comm,website
wat kost het laten maken van een website,590,367,3,8.9,29.3,comm,website
website laten maken goedkoop,590,323,40,13.92,98.6,comm,website
goedkoopste website laten maken,590,323,41,13.92,59.9,comm,website
website goedkoop laten maken,590,323,46,13.92,3547.4,comm,website
wat kost een website laten maken,590,367,3,8.9,18.5,comm,website
website laten maken eindhoven,590,407,,19.04,12.6,comm,website
wat kost website laten maken,590,500,3,7.49,74.2,comm,website
goedkoop een website laten maken,590,323,40,13.92,3601.9,comm,website
goedkoop website laten maken,590,377,41,15.44,130.3,comm,website
website laten maken den haag,480,263,6,23.65,21.3,navi,website
website laten maken utrecht,480,323,11,14.04,33,navi,website
website laten maken prijs,480,200,,11.21,17.4,comm,website
prijs website laten maken,480,200,,11.21,27.7,comm,website
website laten maken zzp,480,247,,18.67,1.5,comm,website
prijzen website laten maken,480,140,6,10.38,27.7,comm,website
zzp website laten maken,480,187,,12.49,2.2,comm,website
maatwerk website laten maken,480,157,13,15.28,14.8,comm,website
nieuwe website laten maken,390,190,37,10.24,72.4,comm,website
website laten maken alkmaar,390,130,7,5.99,28.7,navi,website
website laten maken breda,390,173,16,9.75,5.1,comm,website
zakelijke website laten maken,390,70,28,12.05,76.5,tran,website
seo bureau amsterdam,390,397,,15.3,12.1,comm,seo
seo marketing bureau,390,253,38,0,71.9,comm,seo
website laten maken groningen,320,130,29,12.46,39.5,comm,website
website laten maken den bosch,320,100,,9.16,8.5,navi,website
website laten maken nijmegen,320,200,,57.38,18.5,tran,website
seo bureau utrecht,320,117,,0,2.6,comm,seo
seo bureau rotterdam,320,97,,10.05,12,comm,seo
website laten maken amersfoort,260,83,,12.2,9.6,navi,website
website op maat laten maken,260,50,35,11.82,61.3,comm,website
website laten maken tilburg,260,137,,10.14,14.1,navi,website
website laten maken arnhem,260,90,,20.53,20.2,navi,website
website laten maken zwolle,260,173,23,10.74,32.5,navi,website
website laten maken friesland,260,117,27,9.23,22.1,navi,website
website laten maken haarlem,260,167,18,12.48,11,tran,website
website laten maken oss,210,123,,9.6,8.4,comm,website
website laten maken veenendaal,210,97,,16.08,1,navi,website
kosten professionele website laten maken,210,90,10,15.38,14.6,comm,website
website laten maken leiden,210,130,,8.78,23.4,tran,website
shopify website laten maken,210,107,7,13.27,4,navi,website
hoeveel kost website laten maken,210,130,,7.66,8.4,comm,website
wordpress website laten maken prijs,210,90,,14.08,20,comm,website
website laten maken tiel,210,90,,0,16.6,tran,website
hoeveel kost een website laten maken,210,97,,11.31,14.5,info,website
prijs wordpress website laten maken,210,90,,14.08,13.1,comm,website
website laten maken ede,210,107,,9.62,0.8,comm,website
professionele website laten maken kosten,210,123,,8.15,19.8,comm,website
betaalbare website laten maken,210,73,7,6.91,53.8,comm,website
seo bureau zoetermeer,210,37,,0,16.7,comm,seo
beste seo bureau,210,150,14,11.45,36.9,comm,seo
website-laten-maken-zoetermeer,170,70,,5.87,31.9,navi,website
website laten maken almere,170,203,,6.62,5.1,comm,website
website laten maken geldrop,170,33,,6.18,1.9,comm,website
website laten maken zeeland,170,150,,7.19,6.1,comm,website
website laten maken leeuwarden,170,57,2,9.07,13.4,tran,website
website laten maken deurne,170,37,3,0,31.3,comm,website
restaurant website laten maken,170,40,,9.96,8.9,navi,website
website laten maken zoetermeer,170,50,,18.94,32,navi,website
seo bureau leiden,170,37,,0,5.4,comm,seo
seo bureau eindhoven,170,53,,0,2.9,comm,seo
seo bureau almere,170,37,,0,4.2,comm,seo
seo bureau den haag,170,60,,0,47.4,navi,seo
seo bureau breda,170,23,6,0,2.9,comm,seo
seo bureau onder,170,200,21,4.21,35.6,comm,seo
seo bureau limburg,170,40,,0,26.9,comm,seo
seo bureau haarlem,170,23,,0,2.7,comm,seo
seo bureau zwolle,170,43,6,0,25.5,comm,seo
seo bureau groningen,170,63,25,9.26,40.9,comm,seo
werken bij website laten maken,140,57,,10.69,1.2,info,website
website laten maken helmond,140,77,,9.62,3.3,navi,website
werken-bij website laten maken,140,57,,10.69,0.7,info,website
website laten maken apeldoorn,140,63,,0,1,navi,website
website laten maken doetinchem,140,43,,16.28,5.2,navi,website
website laten maken gouda,140,73,,0,8.9,comm,website
website laten maken ridderkerk,140,87,,11.36,6.6,navi,website
website laten maken limburg,140,97,68,7.38,47.5,tran,website
website laten maken waalwijk,140,57,,0,2.5,tran,website
website laten maken barendrecht,140,150,,8.57,8.4,navi,website
website laten maken gemert,140,20,,0,0.1,tran,website
website laten maken asten,140,10,,9.15,2.3,comm,website
website laten maken enschede,140,53,,12.84,2.6,navi,website
website laten maken oosterhout,140,70,,0,1.9,navi,website
seo bureau amersfoort,140,37,,0,0.2,comm,seo
seo bureau alkmaar,140,43,,18.32,7.7,comm,seo
seo bureau interamplify,140,10,22,0,54.8,comm,seo
seo bureau gouda,140,20,,0,31.3,comm,seo
seo optimalisatie bureau,140,87,40,190.37,198.4,comm,seo
een website laten maken,110,23,65,15.14,116.1,comm,website
hoeveel kost het om een website te laten maken,110,117,1,10.58,21.5,info,website
wat kost het om een website te laten maken,110,77,1,9.28,21.5,comm,website
website laten maken hoofddorp,110,73,1,0,7.2,navi,website
website laten maken someren,110,10,,0,67.8,comm,website
website laten maken roosendaal,110,60,,9.13,4.7,navi,website
website laten maken mierlo,110,13,,0,12.6,tran,website
website laten maken dordrecht,110,113,,8.24,10.9,navi,website
website laten maken hilversum,110,53,,6.49,1.8,navi,website
website webshop laten maken,110,23,41,27.34,33.7,comm,website
kosten wordpress website laten maken,110,37,,21.27,21.5,comm,website
website laten maken horeca,110,33,1,12.47,11.6,comm,website
horeca website laten maken,110,33,,12.47,7.3,comm,website
wordpress website laten maken kosten,110,37,,21.27,20.8,comm,website
website laten maken delft,110,87,8,8.03,29.3,navi,website
website met webshop laten maken,110,13,32,0,24.7,comm,website
seo bureau tilburg,110,23,,0,0.3,comm,seo
seo bureau barendrecht,110,10,,11.74,13.7,comm,seo
seo bureau roosendaal,110,30,,0,1.9,navi,seo
seo bureau veenendaal,110,37,14,13.88,24.4,navi,seo
seo bureau nijmegen,110,23,2,0,11.7,comm,seo
seo bureau delft,110,27,,0,23.8,comm,seo
website laten maken wageningen,90,17,,0,0.6,comm,website
wordpress website laten maken amsterdam,90,27,,0,40.8,navi,website
website laten maken heerenveen,90,23,,0,10.8,navi,website
website laten maken drenthe,90,20,11,18.19,18.6,comm,website
website laten maken zaandam,90,57,,5.73,4.3,navi,website
website laten maken deventer,90,123,,0,11.5,navi,website
website laten maken heerlen,90,67,7,0,15.4,comm,website
website laten maken bergen op zoom,90,53,2,7.41,5.6,navi,website
kapper website laten maken,90,40,,9.97,3.7,navi,website
website laten maken hoogeveen,90,73,,13.89,2.6,navi,website
website laten maken venlo,90,73,,7.57,7.8,navi,website
website laten maken westland,90,110,10,7.27,3.6,navi,website
eenvoudige website laten maken,90,23,42,13.72,3532.8,comm,website
website laten maken brabant,90,30,,106.9,0.1,comm,website
shopify website laten maken kosten,90,70,7,10.25,12.5,comm,website
website laten maken assen,90,97,,0,5.4,comm,website
website laten maken drachten,90,27,17,13.44,46.6,comm,website
website laten maken veghel,90,40,,8.23,3,navi,website
website laten maken uden,90,27,,0,13.9,info,website
seo bureau arnhem,90,57,,0,1.5,comm,seo
seo bureau barneveld,90,50,,4.3,3.1,comm,seo
seo bureau venlo,90,17,,0,7,navi,seo
seo bureau dordrecht,90,10,,0,30.3,comm,seo
seo bureau roermond,90,10,,0,0.9,comm,seo
seo bureau amstelveen,90,13,4,0,16.9,navi,seo
seo bureau hilversum,90,10,,0,0.1,comm,seo
website laten maken werkendam,70,23,4,0,12,navi,website
website laten maken emmen,70,40,37,0,36.6,navi,website
goedkoop wordpress website laten maken,70,27,17,0,41.6,comm,website
seo bureau hengelo,70,17,27,0,131,navi,seo
seo bureau apeldoorn,70,20,,0,12.6,comm,seo
seo bureau hoofddorp,70,20,,0,0.4,comm,seo
beste seo bureau nederland,70,23,2,0,13.2,comm,seo
seo bureau schagen,70,17,,0,12,comm,seo
seo bureau enschede,70,17,,5.98,2.9,comm,seo
seo bureau lelystad,70,13,,0,44.9,comm,seo
seo bureau purmerend,70,20,,0,2.3,comm,seo
seo bureau emmen,70,13,,0,1.4,comm,seo
seo bureau ridderkerk,70,13,,0,0.2,navi,seo
seo bureau nederland,70,27,23,36.59,42.2,comm,seo
seo bureau heerenveen,70,43,4,0,28.6,navi,seo
seo bureau doetinchem,70,17,,0,2,comm,seo
seo bureau veldhoven,70,10,,0,0.2,comm,seo
seo bureau nieuwegein,70,17,,0,0,comm,seo
seo bureau elburg,50,10,,0,9.8,comm,seo
seo bureau nunspeet,50,13,,0,4.4,navi,seo
seo bureau nijkerk,50,13,,0,7.7,comm,seo
smartranking seo bureau,50,80,,20.96,0,comm,seo
seo bureau heerhugowaard,50,13,,0,8.4,navi,seo
seo bureau woerden,50,13,5,0,9,comm,seo
seo bureau aalsmeer,50,13,,0,4.2,comm,seo
seo bureau houten,50,13,,0,0,navi,seo
seo bureau drenthe,20,10,,0,0,comm,seo
goedkoop seo bureau,20,37,,0,0,comm,seo
